model,split,accuracy,f1_macro,balanced_accuracy,n_samples
common,train,0.7422322490881548,0.7189387394482223,0.8354019126093325,307618
common,validation,0.5311166562694947,0.39998162668612025,0.4855777471117586,80150
common,test,0.5222499338396273,0.41173125972978375,0.4806768572413667,124697
bottleneck,train,0.7353048261155068,0.7113451196248374,0.826861564139949,307618
bottleneck,validation,0.5462507797878977,0.41348850919109487,0.49155600036422187,80150
bottleneck,test,0.5313119000457108,0.42361351836829925,0.49806936328779083,124697
