track_id,wcsr,correct_duration,total_duration,num_predictions,num_ground_truth
For you blue,0.6281980231309993,91.76536114965987,146.077125,54,60
Misery,0.6190256762800185,65.46040284580502,105.74747599999999,38,44
Please Please Me,0.6651992495300882,79.1280736122449,118.95394300000001,42,77
Love Me Do,0.6154392554338862,85.0499096870748,138.19383299999998,26,71
